id	name	baseline_source	target_rule	gate_type
KPI-01	bytes to interactive, cold first visit	9,548 kB raw / ~5,536 kB gzip est. (PB@5f9aa2e; +92 kB vs PB@fbefa18 9,456/5,511: JS +81.3, CSS +9.6, HTML +1.3)	ratchet down; −1.25 MB EN, −0.61 MB TH, −0.76 MB RU from active-language loading (M-PLATFORM-031)	hard-ratchet
KPI-02	re-fetched precache bytes on first visit	9,438.5 of 15,834.2 kB after interactive (PB@5f9aa2e; 9,348 of 15,741 at fbefa18)	0 (verify with Pages-like headers)	hard-ratchet
KPI-03	offline install (precache) size, code vs data	15,822.7 kB bundle-budget on 5f9aa2e with committed snapshots, ceiling 16,103 (headroom 280.3 kB, 1.74%); Pages refreshes snapshots (+8.7 kB at #75) so Pages headroom is lower and unmeasured; Pages 37230585947 passed the budget step; history 15,741 (PB@fbefa18), 15,787.4 refreshed (GH:run-37172926281)	separate code/data ceilings (D-38); code ratchets down; −~2.75 MB from shared worker chunks (M-PLATFORM-033)	hard-ratchet
KPI-04	shader programs and shader wait at startup	56 programs, 0 duplicates (fbefa18 = 5f9aa2e); wait 13,912 ms (PB@fbefa18) / 13,719 ms (PB@5f9aa2e, slower host; ranges overlap) (SwiftShader)	programs ≤ 56; wait must not regress; trend down (M-PLAN-001)	hard-ratchet
KPI-05	duplicate shader programs at Launch entry / ignition	18 / 19 (PB@fbefa18 = PB@5f9aa2e)	0 / 0	hard-ratchet
KPI-06	liftoff longest frame gap (same harness)	2,700 ms (PB@fbefa18); 2,433 ms (2,350–2,500) PB@5f9aa2e, slower host; ranges overlap, no speed-up claimed	< 500 ms, 0 programs created at ignition	trend (same harness)
KPI-07	WebGL contexts before Orbit is opened; Orbit-entry freeze	2 contexts (unchanged at 5f9aa2e); Orbit-entry freeze 4,033 ms (PB@fbefa18) / 4,266 ms (PB@5f9aa2e, slower host; ranges overlap)	1; trend down	hard-ratchet
KPI-08	time to interactive cold / warm (trend in CI; devices via HU-6/R0.4)	16,416 / 6,582 ms (PB@fbefa18); 16,309 / 6,472 ms (PB@5f9aa2e, slower host; ranges overlap)	no regression; device targets set after D-56	trend
KPI-09	frames drawn per second while Orbit paused	13/s at 40 ms/s main thread, 8 draws/frame (PB@fbefa18); 13.75/s, 38 ms/s (PB@5f9aa2e)	0 with identical pixels	hard-ratchet
KPI-10	flight rAF p95; home rAF; draws while covered	13.9 ms; 7.7 ms; 0 (PB, R1.3)	≤ 14 (goal ≤ 8); ≤ 8; stays 0	trend + hard(covered draws)
KPI-11	physics throughput and achieved warp	~10 sim s per worker-CPU s; 8.3x at 100x; 0.99x at 1x (PB@fbefa18); 7.28x at 100x, 1.01x at 1x (PB@5f9aa2e, slower host 2.10 vs 2.80 GHz; flight.worker same size 578.4 kB; no speed-up or slow-down claimed)	up with bit-identical output; ≥ 0.98x at 1x	trend; bit-identical gate
KPI-12	hidden telemetry charts painted per tick	3–7 (R2S §5 P12)	0	hard-ratchet
KPI-13	profile reads at startup; large-JSON ms with 1.5 MB profile	46 reads on storage reload / 49 on cold start (PB@5f9aa2e; 44/47 at fbefa18); 1.5 MB profile: 66 MB read / 382 ms parse+stringify (PB@fbefa18); 69 MB / 367 ms (PB@5f9aa2e, different host; no speed-up claimed)	≤ 2; < 30 ms	hard-ratchet
KPI-14	open P0/P1 data-safety items (R1.6/FX + M-LAUNCH-027)	S10 §10.2 list	0 by GK1	hard
KPI-15	unrecovered WebGL context losses in a forced-loss journey	no handler (UXR b7)	0	hard
KPI-16	non-converged ratings shown/stored as results	possible (M-BUILD-006)	0	hard
KPI-17	vehicles timelined	12/21 (M-PHYSICS-062)	18/21	gate G4
KPI-18	catalogue ratings within ±25 % (≥ 6 within 15 %)	7/8	8/8	gate G4
KPI-19	sized launchers reaching orbit at design Δv + ≤ 100 m/s	0/3	3/3	gate G4
KPI-20	unsourced engines / stage bodies	29/55, 25/50 (RA a)	only fall (test)	hard (only falls)
KPI-21	unintended golden/snapshot re-records	—	0 always	hard
KPI-22	full heavy + six-DOF fleet green on each gate's frozen source	last heavy pass predates #36; last fleet predates R1.4 (M-PHYSICS-001)	green at every GATE	hard at every gate
KPI-23	unaided task success in user study	never run (UXR b12)	≥ 4/6 round 1, ≥ 5/6 round 2	human
KPI-24	time to first result on own phone	unknown	median < 3 min	human
KPI-25	input latency p75 (setup, play/pause, scrub) at CPU 4x	unmeasured	≤ 200 ms	trend until device baseline
KPI-26	axe serious/critical on main routes EN/TH	unmeasured	0	hard
KPI-27	Thai glyph clipping; text contrast; coarse-pointer target size	clipping present offline; 3.88–4.20:1; 21–34 px (UXR b10)	0; ≥ 4.5:1; ≥ 24 px	hard
KPI-28	PR CI wall time (median) with identical coverage	~16.7 min (10.8–20.4)	≤ 12 min, no test dropped	ratchet
KPI-29	update prompts per code release	daily (RW:INF-06)	≤ 1 per code release, 0 for data-only	hard
KPI-30	budget ceiling raises without a named offset	R2 +15 kB; R3 #75 +12/+3/+12, #77 +12/+2/+9, #80 +10/+2/+9 kB; PR #76 +320 kB; #81/#82 0	0	hard
KPI-31	PROGRESS row updated in the merge PR	stale at R1, R2, R3 (on 5f9aa2e after #83: R3.5 and R3.3-stowed rows, Open notes, no G3 row)	100 %	hard
KPI-32	full Soyuz/Falcon mission without reload on iPad and low-end Android; memory budget	heap 88/128 MB, recording 46.5 MB at T+800 s (UXR b7)	pass on device report (HU-6/R0.4)	human/device report
KPI-33	package lead time ready->merged (median per wave)	not tracked (R1-R3 merged within 1 day each but oversized)	trend; reported per gate	execution
KPI-34	hotspot merge conflicts and rework PRs per wave	not tracked (status stale at R1, R2, R3)	trend down	execution
KPI-35	owner decision latency vs needed-by wave	D08 open since PLAN v1.2; D-12/D-13 not followed	0 decisions late vs needed-by	execution
