id	batch	needed_by	question	recommendation	blocks	items	source	default_if_unanswered
D-28	-	-	Top-bar switch (decided 2026-10-01, unnumbered in DECISIONS.md): no Home tab, ORBITLAB name leads home; tab per section with level menu on wide screens; one button opening a sections x levels table on phones	decided; record id only	-		DEC:2026-10-01 row	dependent work waits; no agent decides
D-29	-	-	= PLAN:D01 local learner profiles (confirmed)	confirmed; record only	-		PLAN §4.1	dependent work waits; no agent decides
D-30	-	-	= PLAN:D02 Soyuz first for ISS (confirmed)	confirmed	R5		PLAN §4.1	dependent work waits; no agent decides
D-31	-	-	= PLAN:D03 cockpit with manual control first (confirmed)	confirmed	R6		PLAN §4.1	dependent work waits; no agent decides
D-32	-	-	= PLAN:D04 all personal work separated per learner (confirmed)	confirmed	-		PLAN §4.1	dependent work waits; no agent decides
D-33	A	K0	= PLAN:D05 reset scope learning/exams/both/lesson + profile delete (adopted in R1, owner confirmation pending)	confirm as implemented	-		PLAN §4.1; R1 reports	dependent work waits; no agent decides
D-34	A	K0	= PLAN:D06 notation follows language unless overridden (implemented R1/R2, confirmation pending)	confirm as implemented	-		PLAN §4.1; R2S	dependent work waits; no agent decides
D-35	C	K2	= PLAN:D07 ISS realism target: fixed historical epoch first vs live snapshot	fixed-epoch SGP4 state first, live snapshot optional later	R5.2, R4 acceptance scope	M-ORBIT-028	PLAN §4.1; M-ORBIT-028	dependent work waits; no agent decides
D-36	A	K0	= PLAN:D08 Launch layout, presets, minimum scene size + R2 assumptions A1–A5 (D-36.A1..A5)	decide from CO-3 screenshots	G2 (CO-3), R2.1r, R2.3s2, ED-CLASS-2 (M-LEARNING-044)	M-LAUNCH-018	PLAN §4.1; M-LAUNCH-018	dependent work waits; no agent decides
D-37	C	K4	= PLAN:D09 cockpit vehicle, system fidelity, input devices	Soyuz MS crew cockpit first (follows D-30/D-31)	R6.1		PLAN §4.1	dependent work waits; no agent decides
D-38	A	K0	Budget rule: separate code and data-snapshot ceilings; any raise needs measured size, reason and a named identical-output offset; how to rule retroactively on the merged raises #75 (+12/+3/+12 kB), #76 (precache +320 kB), #77 (+12/+2/+9 kB) and #80 (+10/+2/+9 kB). #81/#82 changed no ceiling (budgets.json unchanged 7662ead..5f9aa2e). Interim rule decided today, outside batch A: no further ceiling raise merges without a named offset package row, effective immediately	split ceilings; count the #76 +320 kB retroactively as the data-side ceiling, code-side ceiling does not rise; #75/#77/#80 accepted with named offsets (index -> EQ-7, i18n -> EQ-6, precache code bytes -> EQ-8; CSS explicitly approved, counted in KPI-30); the CO-1 data headroom is itself a D-38 approval	CO-1, CO-2 ceiling table, every further raise request (any lane), R4.7/D-50 asset budgets	M-PLATFORM-063 M-PLATFORM-024	M-PLATFORM-063, -024; M-GAP-001	dependent work waits; no agent decides
D-39	A	K0	R2.4 replay rule: may the event chooser list events after the replay cursor (up to the recording head)?	owner choice; current behaviour = list to head	CO-3 (G2), R2.6	M-LAUNCH-017	M-LAUNCH-017	dependent work waits; no agent decides
D-40	B	K1	Supported browser baseline (module workers, class static blocks): Chrome/Edge >=94, Safari >=16.4, Firefox >=114?	adopt with device evidence from HU-6 / R0.4 where available; otherwise feature-detect (b); sets the D-56 iPhone baseline (>=16.4 if adopted, else >=15.4)	EQ-8	M-PLATFORM-032	M-PLATFORM-032	dependent work waits; no agent decides
D-41	C	K2	Solar constant: 1361 W/m2 (IAU 2015, already used for power) vs 1367 in propagator SRP	1361 everywhere, in the R4.5 re-baseline	R4.5 (M-PHYSICS-020)	M-PHYSICS-027	M-PHYSICS-027	dependent work waits; no agent decides
D-42	A	K0	Academy naming in the rtaf-academy pack: written permission or neutral rename (lesson ids unchanged)	rename now; restore names only with written permission	CO-7	M-LEARNING-054	M-LEARNING-054, M-ORBIT-036; DEC:D-2	dependent work waits; no agent decides
D-43	B	K1	Automatic quality reduction policy (GlowGovernor, low-graphics mode): opt-in or announced with undo, never silent	announce + undo; low-graphics only opt-in	R2.2r (M-PLAN-021), EQ-3 (M-LAUNCH-086 low-graphics part)	M-PLAN-005 M-PLAN-021	M-GAP-011, M-LAUNCH-086	dependent work waits; no agent decides
D-44	B	K1	axe-core as one devDependency (per D-17)	approve	R2.5	M-LAUNCH-050	M-LAUNCH-050	dependent work waits; no agent decides
D-45	B	K1 (before M-LAUNCH-034 in FX-5)	CSV formula-injection guard in exports (byte-changing)	guard with a leading apostrophe only for cells starting with = + - @	FX-5 (M-LAUNCH-034)	M-LAUNCH-034	M-LAUNCH-034	dependent work waits; no agent decides
D-46	B	K1	Shared clock-rounding/time-format contract (ui/format.ts)	keep current per-site outputs byte-identical; document	EQ-12 (M-LAUNCH-036), ED-I18N-2 (M-LEARNING-034)	M-LAUNCH-036	M-LAUNCH-036	dependent work waits; no agent decides
D-47	C	K2	Satellite templates: feasible starters vs intentional trade-off cases (CONTENT-01)	owner choice with pedagogy rationale	R4.3	M-ORBIT-047	M-ORBIT-047	dependent work waits; no agent decides
D-48	C	K3	Stretch mass rule in Build	sourced structural fraction rule	R4.3	M-BUILD-018	M-BUILD-018	dependent work waits; no agent decides
D-49	B	K1 (before the first HU-1 session)	Formative vs summative use (answer keys on device; checksum detects accidents, not forgery)	formative by default; state it in the teacher guide	ED-INST-1 (hence HU-1), ED-CLASS-2	M-LEARNING-013	M-LEARNING-013	dependent work waits; no agent decides
D-50	C	K3	Asset budgets (3-D models, audio) for R5/R6 against the precache ceiling	separate optional asset pack outside the default install	R5.4, R6.2	M-PLAN-016	PC (c)9	dependent work waits; no agent decides
D-51	C	K3	J2 in point-mass ascent (moves 27 fingerprints) or keep and state the offset	state offset now; change only with R4.2 evidence	R4.2	M-PHYSICS-023	M-PHYSICS-023	dependent work waits; no agent decides
D-52	D	K5	Apollo golden-section search change (changes Apollo results)	defer to lunar realism task	R8.2	M-PHYSICS-018	M-PHYSICS-018	dependent work waits; no agent decides
D-53	C	K3	"Phone ""one task per screen"" criterion (§I-2) for Orbit/Build Engineer"	decide after HU-1 round 1	R3.4r (M-LAUNCH-065)	M-LAUNCH-065	M-LAUNCH-065	dependent work waits; no agent decides
D-54	B	K1	Scope of the user-study gate: which unbuilt items still wait for round 1	gate only content-heavy pedagogy items	ED-LES-2 (M-LAUNCH-063 step 2), R3.5r (M-LAUNCH-067), ED-PED-1, ED-I18N-3, ED-GAME-1	M-LEARNING-050	M-LAUNCH-063/064/065/067, M-LEARNING-050	dependent work waits; no agent decides
D-55	C	K3	Independent science reviewer for R4.4 (separate from whoever fitted)	name a person or a second agent with re-run duty	R4.4	M-PLAN-007	M-PHYSICS-061/062	dependent work waits; no agent decides
D-56	B	K1	Target device classes and per-device performance budgets	six classes: low-end Android, iPhone (Safari iOS >=16.4 if D-40 (a), else >=15.4), school iPad, Chromebook, Windows/Edge, desktop; gate on low-end Android and iPad; budgets set after the HU-6 device baseline; six-DOF stays the default	R0.4 device rows, HU-6, DEC:D-27 follow-through	M-PLAN-006 M-PLATFORM-042	UXR E4; M-PLATFORM-042	dependent work waits; no agent decides
D-57	C	K2	Recorder/CSV schema for actual core/booster engine levels (U16) and file version	add versioned columns; old files still read	R4.2 (M-PHYSICS-052) and CO-4 step 9 (M-LAUNCH-004) CSV part	M-PHYSICS-052	M-PHYSICS-052, M-LAUNCH-004	dependent work waits; no agent decides
D-58	C	K3	Docking telemetry preset and Progress/Dragon timing	preset with R5.3; Progress/Dragon after G5	R5.3/R5.4 (M-LAUNCH-015, M-ORBIT-027)	M-LAUNCH-015	M-LAUNCH-015, M-ORBIT-027	dependent work waits; no agent decides
D-59	A	K0	Close G0 formally; record where R0 residuals moved (R0.2r ADRs record the as-built contracts of the delivered R3.1/R3.5 -> used by R3.1r/R5.1/R5.2; R0.3 residual -> R0.3r)	close with the mapping table	CO-8	M-PLAN-007	PLAN R0.1–R0.3	dependent work waits; no agent decides
D-60	B	K1 (before the first HU-1 session)	Problem-report channel format and destination (no automatic data collection)	local bundle + GitHub issue template / email chosen by user	ED-INST-1 privacy statement, HU-6 (M-PLAN-011)	M-PLAN-011	M-GAP-022	dependent work waits; no agent decides
D-61	C	K4	Share-link size cap (?d= links) and LINE limit	8 kB cap with file fallback	R3.5r (M-BUILD-023, deferred)	M-BUILD-023	M-BUILD-023	dependent work waits; no agent decides
D-62	C	K2	Refactor window timing: extract three main.ts seams (route/data-mode, hand-off, frame loop) before R5.1 and R6; re-asked against the 2,635-line main.ts on 5f9aa2e (R3.5 landed in #77/#80 without seams and G3 was delivered 2026-10-04, so the former 'before the R3.5 remainder / after G3' framing is moot)	three seams in a declared window (target early K3, Day 36-39; at the latest before R5.1) with DOM/pixel/all-journey oracles recorded on main on the day the window opens; panel.ts sub-panels and SectionModule after 'R2 complete'; fallback if declined: no window, R5.1/R6 routes and the M-LAUNCH-030 PR (R3.1r) edit main.ts via the I-train under the ~400-line cap and M-PLATFORM-055 is re-asked at GK4 before R5.1	EQ-15, R5.1, R6 routes	M-PLATFORM-055	M-PLATFORM-055; PC (c)7; 5f9aa2e:src/main.ts 2,635 lines	dependent work waits; no agent decides
D-63	A	K0	Ordering rule for OR-1: identical-output first in each lane, except P0/P1 data-loss or false-result bugs in the same files, which go first	adopt	ordering in every lane (S18)		OR-1; M-LAUNCH-027; DS track	dependent work waits; no agent decides
D-64	B	K1	Evidence reuse by content hash: may a green heavy / six-DOF fleet result be reused for a new SHA when the hash of the physics-relevant tree (src/physics, src/data, workers, tests/heavy, tests/sixdof-fleet), lockfile and Node runtime is identical?	adopt for heavy/fleet only; never for browser journeys; never for the Pages unit gate (M-PLAN-012 stays rejected because Pages refreshes data snapshots)	R0.3r, R7.3, wave-gate machine time	M-PLAN-012 (stays rejected)	PLAN §9.2.9; PC (c)8	dependent work waits; no agent decides
D-65	A	K0 (base rule with the K0 start; record the R3 close)	Authorization base rule (OR-5): every v2.0 package needs per-wave or per-package authorization. Record: the parallel R3 lane worked under the owner's earlier instructions (PROGRESS lines 55/63/70: 'continue to phase 3', 'ทำต่อเลยครับ') and finished R3 (#77, #78, #80 code; #81/#82 diagnostics; #79/#83 docs); the owner declared R3 complete on 2026-10-04 ('เว็บไซต์อัปเดตแล้วครับ งานจาก #80, #81 และ #82 ขึ้นเว็บแล้ว ระยะ3ทำเสร็จหมดแล้ว'; live 09cc2f5, Pages 37230585947). The former lane options (1)-(3) are moot; the earlier instructions do not authorize R4 or any v2.0 package (PROGRESS row 'R4–R7 Planned … no implementation claimed or inferred authorization')	record the owner statement and the R3 close verbatim; confirm the base rule with the K0 start; any future parallel session follows the same per-lane rules (one open PR, <=400 lines, D-38 offsets, PROGRESS row in the merge PR, yields the I slot to CO-4 step 1)	every v2.0 package (incl. R3+ follow-on) stays execution_authorized=false until confirmed per wave or per package; CO-8 (D-65 and G3 rows)	M-PLAN-008	PROG on 5f9aa2e (rows 22-27, lines 55/63/70); R3.5 report; GH #77 #78 #80-#83; Pages 37230585947; owner statement 2026-10-04	dependent work waits; no agent decides
D-66	D	deferred (after HU-6 device evidence)	Scope of a lean no-WebGL / reduced path for devices without WebGL2 (M-LAUNCH-071): build it, or keep the localized recovery screen only	defer; decide on HU-6/R0.4 device evidence; never replace the WebGL path	R7.1 (M-LAUNCH-071, deferred)	M-LAUNCH-071	M-LAUNCH-071; UXR (c)	dependent work waits; no agent decides
D-67	B	K1 (before FX-1 step M-BUILD-006)	"Unconverged Build rating (M-BUILD-006, S10 FX-1): bound the search by flight count instead of the 8,000 ms wall-clock budget (a), or keep the budget and show ""not finished"" with Continue (b)"	(a) flight-count bound: device-independent result; never store a lower bound as a rating	FX-1 (M-BUILD-006)	M-BUILD-006	M-BUILD-006; RW:B-03; UXR E2	dependent work waits; no agent decides
D-68	B	K1 (before R1.6 step c, M-PLATFORM-010)	ADR amending R1.1: colliding-media migration moves non-colliding tracks one by one and leaves collisions unowned, instead of aborting the whole transaction (M-PLATFORM-010)	adopt the ADR; the changed test assertion is an intended contract change, not a golden rewrite	R1.6 step c (M-PLATFORM-010)	M-PLATFORM-010	M-PLATFORM-010; CR:B5; CR:NEW-storage-5	dependent work waits; no agent decides
D-69	B	K1 (before FX-7 step 2, M-PLATFORM-023)	Data Saver: defer the ~15.7 MB precache install until the user taps when saveData is set (removes offline use for those users), or keep installing for everyone with size and progress shown	"owner choice, lean (b) keep offline-by-default (ER-1) with size/progress; if (a): persistent ""not saved for offline"" state, classroom readiness flag and an offline-launch journey; silent honouring excluded"	FX-7 (M-PLATFORM-023)	M-PLATFORM-023	M-PLATFORM-023; DP:12-18; RW:LS-02; RW:INF-05	dependent work waits; no agent decides
D-70	C	K2 (before M-PLAN-015 PR1 in R2.1r)	Optional owner exception to S02 §02.9 rule 2 (render reads recorded frames; no second replay path) for option (a) of M-PLAN-015 (Kepler-drawn held coast, S11 R2.1r)	no (default): M-PLAN-015 uses option (b) (interpolate with the replay-seek code) or stops	R2.1r (M-PLAN-015 option (a) only)	M-PLAN-015	M-PLAN-015; S02 §02.9	no exception (option (a) waits); M-PLAN-015 proceeds with (b) or stops
D-71	C	K3 (before ED-I18N-2 PR1, M-LEARNING-031)	One Thai word per concept: ขั้น/ท่อน, ฝาครอบ/ครอบหัว/ครอบจมูก, สัมภาระ/น้ำหนักบรรทุก and others HU-3 readers find	owner choice (no pre-recommendation; I attaches usage counts from S16)	ED-I18N-2 PR1 (M-LEARNING-031)	M-LEARNING-031	S16 §16.8 item 3; S08 §08.4	dependent work waits; no agent decides
D-72	C	K3 (before ED-I18N-2 PR2, M-LEARNING-034)	Year in Thai text: Buddhist Era (พ.ศ.) or Common Era (ค.ศ.); sky-panel.ts shows both 2026 and 2569 in one panel today	owner choice (no pre-recommendation); format follows the D-46 ui/format.ts contract	ED-I18N-2 PR2 (M-LEARNING-034)	M-LEARNING-034	S16 §16.8 item 3; S08 §08.4	dependent work waits; no agent decides
D-73	C	K3 (before ED-I18N-2 PR3, M-LEARNING-035)	og and social-preview text: English only, Thai, or bilingual	owner choice (no pre-recommendation)	ED-I18N-2 PR3 (M-LEARNING-035)	M-LEARNING-035	S16 §16.8 item 3; S08 §08.4	dependent work waits; no agent decides
D-74	C	K2-K3 (after the HU-3 reader record)	Thai quotation marks: keep « » (25 in th.ts) or change to “ ”	owner choice (no pre-recommendation)	HU-3 mechanical PR (M-LEARNING-033)	M-LEARNING-033	S16 §16.8 item 3; S08 §08.4	dependent work waits; no agent decides
D-75	C	K3 (before the source-matching PR of M-PLAN-028, R3.1r)	DesignRef: does a rating-only change (adoptRatings adds payloadLEO/GTO, explore-level.ts:296-300) count as an edit? designRefFor compares the whole spec (design-ref.ts:66) while ratingsSignature (explore-model.ts:393-397) does not treat ratings as design identity	(a) do not count: identity by hardware, show "ratings recomputed" separately	R3.1r (M-PLAN-028 acceptance row)	M-PLAN-028	R3CR-15; S12 §12.3; S08 §08.4	dependent work waits; no agent decides
